{
  "0": {
    "precision": 0.9406295656793731,
    "recall": 0.9688098495212039,
    "f1-score": 0.9545117595525305,
    "support": 7310.0
  },
  "1": {
    "precision": 0.6784203102961918,
    "recall": 0.5183189655172413,
    "f1-score": 0.5876603543066585,
    "support": 928.0
  },
  "accuracy": 0.9180626365622724,
  "macro avg": {
    "precision": 0.8095249379877825,
    "recall": 0.7435644075192226,
    "f1-score": 0.7710860569295945,
    "support": 8238.0
  },
  "weighted avg": {
    "precision": 0.9110920336332948,
    "recall": 0.9180626365622724,
    "f1-score": 0.9131864252398127,
    "support": 8238.0
  }
}